songtitle,artist,lyrics,target
The London,"Young Thug ft. J. Cole, Travis Scott","Beni—Londra’da bul
Eğer zamanın olursa, biraz kaçabiliriz
Konuşuruz, geri alınamaz bazı şeyleri
Sadece konumu at, seni bulurum
1.85 boyundayım, parada iyiyim, 2.80 gibi
Sadece “gel” de, koşarak gelirim
İki mesaj, cevap yok—o an anladım",Hip-Hop
Wow.,Post Malone,"Hunnid bands in my pocket, it's on me
Hunnid deep when I roll like the army
Get more bottles, these bottles are lonely
It’s a moment when I show up, got 'em sayin', ""Wow"" (Wow, wow)
Hunnid bands in my pocket, it's on me (On me)
Yeah, your grandmama probably know me (Know me)",Hip-Hop
Ultralight Beam,Kanye West,"So why send oppression, not blessings?
Why, oh, why'd You do me wrong? (More)
You persecute the weak
Because it makes You feel so strong (Safe)
Don't have much strength to fight
So I look to the light (War)
To make these wrongs turn right
Head up high, I look to the light",Hip-Hop
Ransom,Lil Tecca,"The Chanel or Balenciaga, Louis and Vuitton
She know I got the Fendi, Prada when I hit Milan
I needed me a die or rider, I need me the one
I started from the bottom, you could see the way I stunt
I want all the diamonds, I want it to weigh a ton",Hip-Hop
Life is Good,Future,"Workin' on a weekend like usual
Way off in the deep end like usual (Like usual)
they swear they passed us, they doin' too much
Haven't done my taxes, I'm too turnt up
Virgil got a Patek on my wrist goin' nuts
they caught me slippin' once, okay, so what?
Someone hit your block up, I'd tell you if it was us",Hip-Hop
What's Poppin,Jack Harlow,"This where my head is (Listen)
I feel resentment from every direction
Even some homies be wearing expressions
I be discouraged from sharing my blessings (Damn)
We used to share a connection
Now it just feels like it's wearing and stretching
I'm getting real sick of taking advice
From people that never could stare at reflections (Ooh)
Somewhere in there is a lesson
Y'all ain't evolvin', it's very depressing",Hip-Hop
Ballin',Mustard ft. Roddy Ricch,"I just mind my business
I got brothers that did the time, I ain't kiddin'
All these rappers just talk about it, I live it
Goin' up, I ain't got no sky limit, yeah, yeah, yeah
I put the new Forgis on the Jeep
I trap until the bloody bottoms is underneath",Hip-Hop
God's Plan,Drake,"I been movin' calm, don't start no trouble with me
Tryna keep it peaceful is a struggle for me
Don't pull up at 6 a.m. to cuddle with me
You know how I like it when you lovin' on me
I don't wanna die for them to miss me
Yes, I see the things that they wishin' on me
Hope I got some brothers that outlive me",Hip-Hop
Drip Too Hard,Lil Baby & Gunna,"You can get the biggest Chanel bag in the store if you want it
I gave 'em the drip, they sucked it up, I got 'em on it
I bought a new Patek, I had the watch, so I two-toned 'em
That ain't your car, you just a leaser, you don't own it
If I'm in the club, I got that fire when I'm performin'
The backend just came in, in all hunnids",Hip-Hop
One Dance,Drake,"Strength and guidance
All that I'm wishin' for my friends
Nobody makes it from my ends
I had to bust up the silence
You know you gotta stick by me
Soon as you see the text, reply me
I don't wanna spend time fighting
We've got no time
And that's why I need a one dance",Hip-Hop
Industry Baby,Lil Nas X ft. Jack Harlow,"I ain't lost since I began, yeah
Funny how you said it was the end, yeah
Then I went did it again, yeah
I told you long ago, on the road
I got what they waitin' for
I don't run from nothin', dog
Get your soldiers, tell 'em I ain't layin' low
You was never really rootin' for me anyway",Hip-Hop
Go Crazy,Chris Brown & Young Thug,"I been overseas goin' crazy (yeah)
I can tell you love it when we made up (ayy)
Black and gray diamonds like a Raider (Raider)
Orange peel, your love is real (yeah)
Lovin' skills, I need some lovin' skills (yeah)
Left my dirty drawers and you love me still (yeah)
Eyes come lazy, but she is real (yeah)
Dressed to kill (yeah, yeah, yeah)",Hip-Hop
Lemonade,"Internet Money ft. Gunna, Don Toliver, NAV","Got a penthouse near Rodeo off of stress (Stress)
All this money, when I grew up, I had nothing (Nothing)
Filled with backstabbers, my old life was disgusting (Disgusting)
Can't believe it, gotta thank God that I'm livin' comfortably (Thank God)
Gettin' checks, I don't believe her, she say she done with me",Hip-Hop
Mood,24kGoldn ft. Iann Dior,"Why you always in a mood?
Messin' 'round, actin' brand new
I ain't tryna tell you what to do
But try to play it cool
Baby, I ain't playing by your rules
Everything look better with a view, yeah
I could never get attached
When I start to feel, I unattach
Somehow always end up feeling bad",Hip-Hop
Highest in the Room,Travis Scott,"She saw my eyes, she know I'm gone (ah)
I see some things that you might fear
I'm doin' a show, I'll be back soon (soon)
That ain't what she wanna hear (nah)
Now I got her in my room (ah)
Legs wrapped around my beard
Got the fastest car, it zoom (skrrt)
Hope we make it outta here (ah)
When I'm with you, I feel alive",Hip-Hop
Earfquake,Tyler the Creator,"Cause you make my earth quake
Oh, you make my earth quake
Riding around, your love is shakin' me up and it's making my heart break
'Cause you make my earth quake (earth quake, ooh)
Oh, you make my earth quake
Riding around, your love is shakin' me up and it's making my heart break",Hip-Hop
Nonstop,Drake,"Look, I just flipped the switch (flipped, flipped)
I don't know nobody else that's doin' this
Bodies start to drop, ayy, hit the floor
Now they wanna know me since I hit the top, ayy
This a Rollie, not a stopwatch, it don't ever stop
This the flow that got the block hot, it got super hot, ayy",Hip-Hop
Circo Loco,Drake & 21 Savage,"Ayy, Bottega shades with the grey tints
Introduce me to her n-, yeah, it make sense
Gotta put her on the team, got a grey bench
Linking with the opps, b-, I did that for J Prince
B-, I did it for the mob ties
Feel like 17, two percs, frog eyes
And I never been the one to go apologize",Hip-Hop
Knife Talk,"Drake ft. 21 Savage, Project Pat","I'm on everything
Jacob charged me four-fifty for a tennis chain
US Open, had it on us at the tennis game (gang)
Tell the coach don't take me out, I like to finish games
And my pen insane, and my men insane (yeah, gang)
There's like eighty of us now, that's the scary thing",Hip-Hop
Die Young,Roddy Ricch,"Gotta keep it on me, I don't wanna die young
I rather be judged by twelve, than carried by six
I'ma go post bail, just look at my wrist
Tell me, why the legends always gotta die quick?
Tryna get my bag, I had to go and make it happen",Hip-Hop
No Role Modelz,J. Cole,"""Sorry I'm never comin' home I'ma stay for good""
Then hang the phone up, and proceed to lay the wood
I came fast like 9-1-1 in white neighborhoods
Ain't got no shame 'bout it
She think I'm spoiled and I'm rich 'cause I can have anyone
I got defensive and said ""Nah, I was the same without it""
But then I thought back, back to a better me",Hip-Hop
Bank Account,21 Savage,"Yeah, Moncler, yuh, fur came off a bear, yuh (yeah)
Triple homicide, put me in a chair, yuh (in jail)
Triple cross the plug, we do not play fair, yuh (on God)
Got 'em tennis chains on and they real blingy (bling)
Draco make you do the chicken head like Chingy (Chingy)
Walk in Neiman Marcus and I spend a light 50 (50)",Hip-Hop
Every Chance I Get,"DJ Khaled ft. Lil Baby, Lil Durk","I try not to wear nothing twice
I came up off of shooting dice, yeah
My lil' brother ain't living right
My sis' and 'em doing aight
My cuz and 'em still serving life, yeah
Seen a robber rob a deacon
I seen a preacher get caught for cheating
I'll break the bank for one of my people
I said, ""I'm the one, "" they didn't believe me",Hip-Hop
Yes Indeed,Lil Baby & Drake,"The dash, it's digi', the schedule busy
My head in a hoodie, my shorty a goodie
My cousins are crazy, my cousins like Boogie
Life is amazin', it is what it should be
Been here for ten but I feel like a rookie
I tell her, look up, 'cause it's snowin' in Tootsie's
Booked for three years, man you can't even book me",Hip-Hop
Way 2 Sexy,"Drake ft. Future, Young Thug","Okay, alright, that's fine, okay (okay)
I'm feelin' too sexy to accept requests (way too sexy)
And I'm way too sexy to go unprotected (way too sexy)
And she popped a Tesla, now she goin' electric
Okay, alright, that's fine, okay
Think we got too sexy for that metro housin' (way too sexy)",Hip-Hop
First Class,Jack Harlow,"I can see the whole city from this balcony
Back in 2019, I was outside freely
But now they got it out for me
I don't care what frat that you was in
You can't alpha me, keep dreamin'
I know what they like, so I just keep cheesin'
Hard drive full of heat seekin'
Tryna come the same day as Jack? Rethink it
You don't need Givenchy, you need Jesus",Hip-Hop
Super Gremlin,Kodak Black,"Man, we could be superstars
We been ridin', wreckin' cars (ayy bro, is that Jambo?)
What is at stakes for us?
Kickin' off power mirrors
Yeah, we could be superstars
But I'm pretty sure time is up
And so we fell in love with spinnin' drops
Still only a child, but faithful error (ATL Jacob, ATL Jacob)",Hip-Hop
Too Many Nights,"Metro Boomin ft. Don Toliver, Future","You spend what you want and you get what you want
I guess you got what you wanted
You're hittin' the pole and you give it your all
Now, you keepin' it honest (yeah)
It's too many nights I went nameless
It's too many nights I went famous
It's too many nights I went brainless",Hip-Hop
Jimmy Cooks,Drake & 21 Savage,"Gotta throw a party for my day ones
They ain't in the studio, but they'll lay somethin'
Rest in peace to Drama King, we was straight stuntin'
You don't like the way I talk? say somethin'
Gotta throw a party for my day ones
Pull up, and you know it's us, the bass jumpin'",Hip-Hop
8am in Charlotte,Drake,"Diamonds do the silly dance, I raise up the wine glass
Metal detectors beepin', and security bypass
The numbers goin' up, someone pull up the line graph
The days are goin' by, it's like I'm livin' in time lapse
Been talkin' to Adel like he majored in finance
Shania Twain, notepad, I'm makin' it line-dance",Hip-Hop
Middle Child,J. Cole,"I've been wantin' somethin' I can feel
Promise I am never lettin' up
Money in your palm don't make you real
Foot is on they neck, I got 'em stuck
I'ma give 'em somethin' they can feel
Pistol in your hand don't make you real
Money in your palm don't make you real",Hip-Hop
Loyalty,Kendrick Lamar ft. Rihanna,"My resume is real enough for two millenniums
A better way to make a wave, stop defendin' them
I meditate and moderate all of my wins again
I'm hangin' on the fence again
I'm always on your mind
I put my lyric and my lifeline on the line
And ain't no limit when I might shine, might grind",Hip-Hop
Yebba's Heartbreak,Drake,"And all the times you wasn't chosen, well, I'll make it up to you
All of the feelings you're not showing
When your river's overflowing, mmm
It's the truth, swear to you
I do, I do, I do, I do, I do
And all that you are, I do
My single line of stars in noon
Reflection of the very moon, I do
I do, I do, I do",Hip-Hop
Chicago Freestyle,Drake,"Two thirty baby, won't you meet me by The Bean?
Too early, maybe later you can show me things
You know what it is, whenever I visit
Windy city, she blowing me kisses, no
Thirty degrees, way too cold, so hold me tight
Will I see you at the show tonight?
Will I see you at the show tonight?",Hip-Hop
Too Fast,Future,"Bought the Patek, I was movin' too fast
New G-Wagon, I was movin' too fast
Got the condo, I was movin' too fast (goin' too fast)
Only sorry 'cause I was movin' too fast
So we said I knew it wasn't gon' last (yeah)
Bought the Patek, I was movin' too fast (yeah)
Richard Millie, I was movin' too fast (what's up)
And I knew it wouldn't last, yeah, yeah-yeah",Hip-Hop
Wait For U,Future,"I can hear your tears when they drop over the phone
Get mad at yourself 'cause you can't leave me alone
Gossip, bein' messy, that ain't what we doing (world was ending)
Travel around the world (would you cry, or would you try to get me?)
Over the phone, dropping tears (tell me now, I want you be clear, yeah)
I get more vulnerable when I do drugs (tell me now, I need you to be clear, yeah)
When you drunk, you tell me exactly how you feel (I will wait for you, for you)
When I'm loaded, I keep it real (I will wait for you, I will wait for you)",Hip-Hop
Pop Out,Polo G ft. Lil Tjay,"We pop out at your party, I'm with the gang
And it's gon' be a robbery, so tuck ya chain
I'm a killer, girl, I'm sorry, but I can't change
We ain't aimin' for your body, shots hits your brain
We come from poverty, man, we ain't have a thing
It's a lot of animosity, but they won't say my name",Hip-Hop
It's Up,"21 Savage, Drake, and Young Thug ‧","I just picked up somethin' from Mercedes, it's a one of one
Black exterior, the one that I want
Red inside like that time of the month
Blood money, that's how I got this
Blood money, that's how I got this
We can vacation wherever we want
'Cause I don't care where none of my opps is",Hip-Hop
All My Life,Lil Durk,"All my life (all my life)
They been tryin' to keep me down (they been tryin' to keep me down)
All this time (all this time)
Never thought I would make it out (never thought I'd make it out)
They couldn't break me, they couldn't break me (no, no)
They couldn't take me, they couldn't take me (no)
All my life (all my life)
They been tryin' to keep me down (they been tryin' to keep me down",Hip-Hop
Search & Rescue,Drake,"I need someone to be patient with me
Someone to get money with, not take it from me, look
They don't even need to be as famous as me
I don't think I'll meet 'em at the places I be
But deep down I think about you all day, mami
I know I'm a pitbull, but dale, mami
I just wanna take you on a holiday, mami
Say what's on your mind, I'm a call away, mam",Hip-Hop
Levitating,Dua Lipa,"If you wanna run away with me, I know a galaxy
And I can take you for a ride
I had a premonition that we fell into a rhythm
Where the music don't stop for life
Glitter in the sky, glitter in my eyes
Shining just the way I like
If you're feeling like you need a little bit of company
You met me at the perfect time",Pop
Watermelon Sugar,Harry Styles,"Tastes like strawberries on a summer evenin'
And it sounds just like a song
I want more berries and that summer feelin'
It's so wonderful and warm
Breathe me in, breathe me out
I don't know if I could ever go without
I'm just thinking out loud
I don't know if I could ever go without",Pop
Good 4 U,Olivia Rodrigo,"Well, good for you, I guess you moved on really easily
You found a new girl, and it only took a couple weeks
Remember when you said that you wanted to give me the world? (World)
And good for you, I guess that you've been working on yourself
I guess that therapist I found for you, she really helped
Now you can be a better man for your brand-new girl",Pop
Save Your Tears,The Weeknd,"I saw you dancing in a crowded room, uh
You look so happy when I'm not with you
But then you saw me, caught you by surprise
A single teardrop falling from your eye
I don't know why I run away
I'll make you cry when I run away
You could've asked me why I broke your heart
You could've told me that you fell apart
But you walked past me like I wasn't there
And just pretended like you didn't care",Pop
Dance Monkey,Tones and I,"They say, oh my God I see the way you shine
Take your hand, my dear, and place them both in mine
You know you stopped me dead while I was passing by
And now I beg to see you dance just one more time
Ooh, I see you, see you, see you every time
And oh my I, I, I like your style
You, you make me, make me, make me wanna cry
And now I beg to see you dance just one more time",Pop
As It Was,Harry Styles,"Holdin' me back
Gravity's holdin' me back
I want you to hold out the palm of your hand
Why don't we leave it at that?
Nothin' to say
When everything gets in the way
Seems you cannot be replaced
And I'm the one who will stay, oh
In this world, it's just us
You know it's not the same as it was
In this world, it's just us
You know it's not the same as it was
As it was, as it was
You know it's not the same",Pop
Don’t Start Now,Dua Lipa,"Did a full 180, crazy
Thinking 'bout the way I was
Did the heartbreak change me? Maybe
But look at where I ended up
I'm all good already
So moved on, it's scary
I'm not where you left me at all, so
If you don't wanna see me dancing with somebody
If you wanna believe that anything could stop me",Pop
Shivers,Ed Sheeran,"I took an arrow to the heart
I never kissed a mouth that tastes like yours
Strawberries and somethin' more
Ooh yeah, I want it all
Lipstick on my guitar (ooh)
Fill up the engine, we can drive real far
Go dancin' underneath the stars
Ooh yeah, I want it all
Mm, you got me feelin' like
I wanna be that guy, I wanna kiss your eyes
I wanna drink that smile, I wanna feel like I'm
Like my soul's on fire, I wanna stay up all day and all night
Yeah, you got me singin' like",Pop
Stay,The Kid LAROI & Justin Bieber,"I do the same thing I told you that I never would
I told you I'd change, even when I knew I never could
I know that I can't find nobody else as good as you
I need you to stay, need you to stay, hey
I do the same thing I told you that I never would
I told you I'd change, even when I knew I never could
I know that I can't find nobody else as good as you
I need you to stay, need you to stay, hey",Pop
Peaches,"Justin Bieber ft. Daniel Caesar, Giveon","I got my peaches out in Georgia (oh yeah, shit)
I get my weed from California (that's that shit)
I took my chick up to the North, yeah (badass bitch)
I get my light right from the source, yeah (yeah, that's it)
And I see you (oh), the way I breathe you in (in), it's the texture of your skin
I wanna wrap my arms around you, baby, never let you go, oh
And I say, ""Oh, there's nothing like your touch
It's the way you lift me up, yeah
And I'll be right here with you 'til the end""",Pop
Golden,Harry Styles,"Golden, golden, golden
As I open my eyes
Hold it, focus, hoping
Take me back to the light
I know you were way too bright for me
I'm hopeless, broken
So you wait for me in the sky
Browns my skin just right
You're so golden
You're so golden
I'm out of my head
And I know that you're scared
Because hearts get broken",Pop
Unstoppable,Sia," put my armor on, show you how strong I am
I put my armor on, I'll show you that I am
I'm unstoppable
I'm a Porsche with no brakes
I'm invincible
Yeah, I win every single game
I'm so powerful
I don't need batteries to play
I'm so confident
Yeah, I'm unstoppable today",Pop
Happier Than Ever,Billie Eilish,"When I'm away from you, I'm happier than ever
Wish I could explain it better
I wish it wasn't true
Give me a day or two to think of something clever
To write myself a letter
To tell me what to do, mm-mm
Do you read my interviews?
Or do you skip my avenue? (My avenue)
When you (when you) said you were passing through
Was I even on your way?",Pop
Adore You,Harry Styles,"I'd walk through fire for you
Just let me adore you
Like it's the only thing I'll ever do
Like it's the only thing I'll ever do
You're wonder under summer skies (summer skies)
Brown skin and lemon over ice
Would you believe it?
You don't have to say you love me
I just wanna tell you somethin'
Lately you've been on my mind",Pop
Someone You Loved,Lewis Capaldi,"I'm going under and this time I fear there's no one to save me
This all or nothing really got a way of driving me crazy
I need somebody to heal
Somebody to know
Somebody to have
Somebody to hold
It's easy to say
But it's never the same
I guess I kinda liked the way you numbed all the pain",Pop
Easy on Me,Adele,"There ain't no gold in this river
That I've been washin' my hands in forever
I know there is hope in these waters
But I can't bring myself to swim
When I am drowning in this silence
Baby, let me in
Go easy on me, baby
I was still a child
Didn't get the chance to
Feel the world around me
I had no time to choose
What I chose to do
So go easy on me",Pop
I Like You,Post Malone ft. Doja Cat,"Yeah, your boyfriend'll never understand me (understand me)
'Cause I'm 'bout to pull this girl like a hammy, hammy (wow)
Let's take a lil' dip, lil' lady
Hit PCH, one-eighty
Hey, I've been thinkin' lately
That I need someone to save me
Now that I'm famous, I got hoes all around me
But I need a good girl, I need someone to ground me",Pop
Sunroof,Nicky Youre & dazy,"I got my head out the sunroof
I'm blasting our favorite tunes
I only got one thing on my mind
You got me stuck on the thought of you
You're making me feel brand new
You're more than the sunshine in my eyes
You got those pretty eyes in your head, you know it
You got me dancing in my bed so let me show it
You are exactly what I want, kinda cool and kinda not
Wanna give myself to you",Pop
Break My Heart,Dua Lipa,"I've always been the one to say the first goodbye
Had to love and lose a hundred million times
Had to get it wrong to know just what I like
Now I'm fallin'
You say my name like I have never heard before
I'm indecisive but this time I know for sure
I hope I'm not the only one that feels it all
Are you fallin'?",Pop
Light Switch,Charlie Puth,"Why you callin' at 11:30
When you only wanna do me dirty?
But I hit right back 'cause you got that, that, yeah
Why you always wanna act like lovers
But you never wanna be each other's?
I say, ""Don't look back"" but I go right back and
All of a sudden, I'm hypnotized
You're the one that I can't deny
Every time that I say I'm gonna walk away",Pop
Good as Hell,Lizzo,"Go on dust your shoulders off, keep it moving
Yes Lord, tryna get some new shit
In there, swimwear, going to the pool shit
Come now, come dry your eyes
You know you a star, you can touch the sky
I know that it's hard but you have to try
If you need advice, let me simplify",Pop
abcdefu,GAYLE,"I swear I meant to mean the best when it ended
Even tried to bite my tongue when you start
Now you're textin' all my friends asking questions
They never even liked you in the first place
Dated a girl that I hate for the attention
She only made it two days, what a connection
It's like you'd do anything for my affection
You're goin' all about it in the worst ways",Pop
Ghost,Justin Bieber,"Youngblood thinks there's always tomorrow
I miss your touch on nights when I'm hollow
I know you crossed a bridge that I can't follow
Since the love that you left is all that I get
I want you to know
That if I can't be close to you
I'll settle for the ghost of you
I miss you more than life (more than life)",Pop
Heat Waves,Glass Animals,"Sometimes, all I think about is you
Late nights in the middle of June
Heat waves been fakin' me out
Can't make you happier now
Sometimes, all I think about is you
Late nights in the middle of June
Heat waves been fakin' me out
Can't make you happier now",Pop
Gloria,Sam Smith,"Demons on my shoulder
Monsters in my head
Shadow in the water
Will you be my friend?
The world revolves around me
As I lay in my bed
Dreaming of more, more
Be yourself so loud tonight (mmm, so loud)
They'll hear you from the stars (they will hear you from)
Sparkling like dynamite (sparkle)
If that is who you are (it's who you are)
A hymn for Gloria, Gloria (for Gloria)",Pop
Hold Me Closer,Elton John & Britney Spears,"I saw you dancin' out the ocean
Runnin' fast along the sand
A spirit born of earth and water
Fire flying from your hands (oh)
Hold me closer, tiny dancer
Count the headlights on the highway
Lay me down in sheets of linen
You had a busy day today (oh)",Pop
My Universe,Coldplay & BTS,"You (you), you are (you are) my universe
And I (I) just want (just want) to put you first
And you (you), you are (you are) my universe, and I
In the night, I lie and look up at you
When the morning comes, I watch you rise
There's a paradise they couldn't capture
That bright infinity inside your eyes",Pop
Dynamite,BTS,"Shoes on, get up in the morn'
Cup of milk, let's rock and roll
King Kong, kick the drum
Rolling on like a Rolling Stone
Sing-song when I'm walkin' home
Jump up to the top, LeBron
Ding-dong, call me on my phone
Ice tea and a game of ping pong",Pop
Wildest Dreams (Taylor's Version),Taylor Swift,"He said, ""Let's get out of this town
Drive out of the city, away from the crowds""
I thought Heaven can't help me now
Nothing lasts forever
But this is gonna take me down
He's so tall and handsome as hell
He's so bad, but he does it so well
I can see the end as it begins",Pop
Bad Habits,Ed Sheeran,"Every time you come around, you know I can't say no
Every time the sun goes down, I let you take control
I can feel the paradise before my world implodes
And tonight had something wonderful
My bad habits lead to late nights endin' alone
Conversations with a stranger I barely know
Swearin' this will be the last, but it probably won't
I got nothin' left to lose, or use, or do",Pop
Running Up That Hill,Kate Bush,"It's you and me
It's you and me
Won't be unhappy
And if I only could
I'd make a deal with God
And I'd get Him to swap our places
Be runnin' up that road
Be runnin' up that hill
Be runnin' up that building (yo)
Say, if I only could, oh",Pop
Numb,Marshmello & Khalid,"When it get numb, go crazy
Wanna wild out 'cause lately, life's so short, but amazin'
Late night party in the basement
Hotel lobby and I'm wasted
Two suites, end of my savings
I'll do it too if you take it
Yeah, life is only what you make it
I, I wanna get numb
And forget where I'm from
'Cause lookin' in your eyes is like lookin' at the sun
I feel like you're the moon
I feel like I'm the one
I wanna get numb, numb, numb, numb",Pop
Left and Right,Charlie Puth ft. Jungkook,"Memories follow me left and right
I can feel you over here, I can feel you over here
You take up every corner of my mind (what you gon' do now?)
Ever since the d-day y-you went away (no, I don't know how)
How to erase your body from out my brain (what you gon' do now?)
Maybe I should just focus on me instead (but all I think about)
Are the nights we were tangled up in your bed",Pop
Boyfriend,Dove Cameron,"The universe must have divined this
What am I gonna do? Not grab your wrist?
I could be a better boyfriend than him
I could do the shit that he never did
Up all night, I won't quit
Thinking I'm gonna steal you from him
I could be such a gentleman
Plus all my clothes would fit
I could be a better boyfriend",Pop
Bam Bam,Camila Cabello ft. Ed Sheeran,"You said you hated the ocean, but you're surfin' now
I said I'd love you for life, but I just sold our house
We were kids at the start, I guess we're grown-ups now, mm
Couldn't ever imagine even havin' doubts
But not everything works out, no
Now I'm out dancin' with strangers
You could be casually datin'
Damn, it's all changin' so fast",Pop
Break My Soul,Beyoncé,"Now, I just fell in love
And I just quit my job
I'm gonna find new drive
Damn, they work me so damn hard
Work by nine, then off past five
And they work my nerves
That's why I cannot sleep at night
I'm lookin' for motivation
I'm lookin' for a new foundation, yeah
And I'm on that new vibration
I'm buildin' my own foundation, yeah
Hold up, oh, baby, baby",Pop
Glimpse of Us,Joji,"She'd take the world off my shoulders if it was ever hard to move
She'd turn the rain to a rainbow when I was living in the blue
Why then, if she's so perfect, do I still wish that it was you?
Perfect don't mean that it's working, so what can I do? (Ooh)
When you're out of sight in my mind
'Cause sometimes I look in her eyes, and that's where I find a glimpse of us
And I try to fall for her touch, but I'm thinking of the way it was",Pop
Moth to a Flame,Swedish House Mafia & The Weeknd,"Like a moth to a flame
I'll pull you in, I'll pull you back to what you need initially
It's just one call away
And you'll leave him, you're loyal to me
But this time I let you be
'Cause he seems like he's good for you
And he makes you feel like you should
And all your friends say he's the one
His love for you is true",Pop
The Middle,"Zedd, Maren Morris, Grey","Take a seat right over there, sat on the stairs
Stay or leave, the cabinets are bare and I'm unaware
Of just how we got into this mess, got so aggressive
I know we meant all good intentions
So pull me closer
Why don't you pull me close?
Why don't you come on over?
I can't just let you go",Pop
Levitating,Dua Lipa,"If you wanna run away with me, I know a galaxy
And I can take you for a ride
I had a premonition that we fell into a rhythm
Where the music don't stop for life
Glitter in the sky, glitter in my eyes
Shining just the way I like
If you're feeling like you need a little bit of company
You met me at the perfect time",Pop
Tennessee Whiskey,Chris Stapleton,"Used to spend my nights out in a barroom
Liquor was the only love I'd known
But you rescued me from reachin' for the bottom
And brought me back from being too far gone
You're as smooth as Tennessee whiskey
You're as sweet as strawberry wine
You're as warm as a glass of brandy
And honey, I stay stoned on your love all the time",Country
Beer Never Broke My Heart,Luke Combs,"Longneck ice cold beer never broke my heart
Like diamond rings and football teams have torn this boy apart
Like a neon dream, it just dawned on me, that bars and this guitar
And longneck ice cold beer never broke my heart
She was a Carolina blue jean baby
Fire in her eyes that drove me crazy
It was red tail lights when she left town
If I didn't know then, I sure know now",Country
Buy Dirt,Jordan Davis ft. Luke Bryan,"A few days 'fore he turned eighty
He was sitting out back in a rocker
He said, ""What you been up to lately?""
I told him, ""Chasing a dollar""
And in between sips of coffee
He poured this wisdom out
Said, ""If you want my two cents on making a dollar count",Country
Fancy Like,Walker Hayes,"My girl is bangin', she's so low maintenance
Don't need no champagne-poppin' entertainment
Take her to Wendy's, can't keep her off me
She wanna dip me like them fries in her Frosty
But every now and then, when I get paid
I gotta spoil my baby with an upgrade (yeah)
Ay, ay, ay",Country
The Kind of Love We Make,Luke Combs,"We've been burnin' both ends
Keepin' the lights on
So I've been thinkin' we need
A little time alone
So whatcha say we cancel our plans?
Tonight, I'm only gonna be your man
Let's get some candles burnin'
And some records turnin'
All the lights down low
Take it nice and slow",Country
Whiskey Glasses,Morgan Wallen,"Poor me, pour me another drink
'Cause I don't wanna feel a thing
No more, hell nah
I just wanna sip 'til the pain wears off
Poor me, pour me another round
Line 'em up and knock 'em down
Two more let's go
'Cause I ain't never hurt like this before",Country
Forever After All,Luke Combs,"A cold beer's got twelve ounces
A good truck's got maybe three hundred thousand
You only get so much until it's gone
Duracells in a Maglite
A needle drop on a forty-five
Are the kinda things that only last so long
When the new wears off and they get to getting old
Sooner or later, time's gonna take its toll",Country
Sand in My Boots,Morgan Wallen,"She asked me where I was from
I said ""Somewhere you never been to""
Little town outside of Knoxville
Hidden by some dogwood trees
She tried talkin' with my accent
We held hands and waded into
That blue water
She left her flip-flops by my Red Wings on the beach",Country
Made for You,Jake Owen,"Water towers are made for hearts and names
Friday nights are made for football games
Fallin' leaves are made for fallin' in
Front porch steps are made for goodnight kissin'
And I was made for you, yeah I was made for you
Summer jobs are made for spendin' cash
Second dates are made for goin' fast
Early curfews are made for sneakin' past",Country
Take My Name,Parmalee,"Take my hand, let me make you mine
I'm through waiting, taking my time
Never felt like this before
Take my name and make it yours
I hope you don't think it's a little bit crazy
Saying this all so soon
But baby, it's the right time, knew it from the first time
That I laid eyes on you
It's okay, let 'em say what they want",Country
What Ifs,Kane Brown ft. Lauren Alaina,"You say what if I hurt you
What if I leave you
What if I find somebody else
And I don't need you
What if this goes south
What if I mess you up
You say what if I break your heart
In two then what
Well I hear you girl
I feel you girl but not so fast
Before you make your mind up
I gotta ask",Country
One Thing Right,Marshmello & Kane Brown,"I've cheated and I've lied
I've broke down and I've cried
I've got nothing to hide no more
I've loved and I've hurt
I've broken people down with words
More grace than I deserve, for sure
Known to be crazy, known to be wild
Mama had herself a little devilish child
Ain't no stranger to the troubles at my door (at my door)",Country
Somebody Like That,Tenille Arts,"ve seen pick up lines and dive bar strangers slow dance
I've seen happy hour two-for-ones turn to one night stands
I've seen neon rebounds
And late night drunk dials
I've seen that Cinderella fairytale go up in cigarette smoke
I've seen two hearts bet it all and still end up broke
The real thing won't be easy
Yeah, it might take a while",Country
Tequila,Dan + Shay,"I can still shut down a party
I can hang with anybody
I can drink whiskey and red wine
Champagne all night
Little Scotch on the rocks and I'm fine, I'm fine
But when I taste tequila
Baby, I still see ya
Cuttin' up the floor in a sorority T-shirt
The same one you wore ",Country
"10,000 Hours",Dan + Shay & Justin Bieber,"Do you love the rain, does it make you dance
When you're drunk with your friends at a party?
What's your favorite song, does it make you smile?
Do you think of me?
When you close your eyes
Tell me, what are you dreamin'?
Everything, I wanna know it all
I'd spend 10, 000 hours and 10, 000 more
Oh, if that's what it takes to learn that sweet heart of yours",Country
Doin' This,Luke Combs,"Someone asked me once in an interview
""What was growing up like, where'd you go to school?
And what would you do if you weren't doin' this?""
I'd be drivin' my first car, an old worn-out Dodge
Tryin' to make rent with a dead end job, just makin' due
With tips in a jar, my guitar and an old barstool
I'd have a Friday night crowd in the palm of my hand",Country
Heart Like a Truck,Lainey Wilson,"I never stay in one place too long
A dirt road's singing me a siren song
I gotta find a field
I need to spin my wheels
I got a hankering for four wide tires
And I can't help it, it's the way I'm wired
'Fore you get too close
Boy, you need to know
I got a heart like a truck
",Country
Thought You Should Know,Morgan Wallen,"What's goin' on, mama?
Something just dawned on me
I ain't been home in some months
Been chasin' songs and women
Makin' some bad decisions
God knows I'm drinkin' too much
Yeah, I know you've been worrying 'bout me
You've been losin' sleep since '93
I thought you should know
That all those prayers you thought you wasted on me
Must've finally made their way on through",Country
Til You Can't,Cody Johnson,"You can tell your old man
You'll do some largemouth fishing another time
You just got too much on your plate to bait and cast a line
You can always put a rain check in his hand
'Til you can't
You can keep putting off forever with that girl who's heart you hold
Swearing that you'll ask some day further down the road
You can always put a diamond on her hand
'Til you can't",Country
Thank God,Kane Brown & Katelyn Brown,"I was lost
You found a way to bring me back
Needed forgiveness
You always gave me that
Girl, I'm a witness of your love
'Cause you don't be giving up
And it's crazy
How you saved me
Hand on the Bible
Don't know how I got you
But I couldn't ask for more
Girl, what we got's worth thanking God for",Country
Wasted on You,Morgan Wallen,"I don't always wake up in the mornin'
Pour myself a strong one
Ah, but when I get lonely I do
Your memory gets burnin'
Lean back on the bourbon
Sure as hell can't keep leanin' on you
Looks like I'm learnin' the hard way again
It's all my fault
Yeah, I dropped the ball
You're gone and I'm gone three sheets to the wind",Country
Dirt Road Anthem,Jason Aldean,"Yeah I'm chillin' on a dirt road
Laid back swervin' like I'm George Jones
Smoke rollin' out the window
An ice cold beer sittin' in the console
Memory lane up in the headlights
It's got me reminiscin' on them good times
I'm turning off of real life drivin', that's right
I'm hittin' easy street on mud tires",Country
Half of My Hometown,Kelsea Ballerini ft. Kenny Chesney,"Half of my high school fell in love
With the girl next door
In their daddy's Ford
Half of my main street's mini skirts
Half of my main street's dressed for church
It could use some rain
And a fresh coat of paint
Half of my hometown's still hangin' around
Still talkin' about that one touchdown
They're still wearin' red and black
""Go Bobcats"" while the other half",Country
Neon Moon,Brooks & Dunn,"When the sun goes down on my side of town
That lonesome feeling comes to my door
And the whole world turns blue
There's a rundown bar 'cross the railroad tracks
I got a table for two way in the back
Where I sit alone and think of losing you
I spend most every night",Country
Cover Me Up,Morgan Wallen,"A heart on the run
Keeps a hand on a gun
Can't trust anyone
I was so sure
What I needed was more
Tried to shoot out the sun
The days when we raged, we flew off the page
Such damage was done
But I made it through, 'cause somebody knew
I was meant for someone
So, girl, leave your boots by the bed
We ain't leaving this room
'Til someone needs medical help",Country
Something in the Orange,Zach Bryan,"It'll be fine by dusk light I'm tellin' you, baby
These things eat at your bones and drive your young mind crazy
But when you place your head between my collar and jaw
I don't know much but there's no weight at all
And I'm damned if I do and I'm damned if I don't
'Cause if I say I miss you I know that you won't",Country
She Had Me at Heads Carolina,Cole Swindell,"""Heads Carolina, tails California""
Maybe she'd fall for a boy from South Georgia
She's got the bar in the palm of her hand
And she's a '90s country fan like I am
Hey, I got a Chevy, she can flip a quarter
I'd drive her anywhere from here to California
When this song is over, I gotta find her",Country
Where the Wild Things Are,Luke Combs,"My big brother rode an Indian Scout
It was black like his jacket
American Spirit hangin' outta his mouth
Just like our daddy
He kicked started that bike one night and broke mama's heart
He pointed that headlight west
Out where the wild things are
He'd call me up every couple of weeks
From South California
Talk about the desert and the Joshua Tree
And his pretty girl stories",Country
Memory Lane,Old Dominion,"If I could buy a house on Memory Lane
I'd put my money down and I'd sign my name
On that little corner lot where it don't ever rain
And we'd stay good as new like a fresh coat of paint
You'd be mine
In the shine of a front porch light",Country
You Proof,Morgan Wallen,"Yeah, I've been throwin' down the whiskey
I oughta get my money back
And someone said it drowns a memory
Ah, but it ain't doing jack
Yeah, I've been sippin', I've been buzzin'
Shootin' doubles like it's nothin'
Ah, but nothin' makes you go away
I need something you proof
Somethin' stronger than I'm used to",Country
Small Town Boy,Dustin Lynch,"m a dirt road in the headlights
I'm a mama's boy, I'm a fist fight
Kinda county line, kinda cold beer
Little hat down, little John Deere
I kinda give a damn, I kinda don't care
You see that girl standing right there
She loves a small town boy like me",Country
Die a Happy Man,Thomas Rhett,"And I know that I can't ever tell you enough
That all I need in this life is your crazy love
If I never get to see the Northern Lights
Or if I never get to see the Eiffel Tower at night
Oh, if all I got is your hand in my hand",Country
I Hope,Gabby Barrett,"I hope you both feel the sparks by the end of the drive
I hope you know she's the one by the end of the night
I hope you never ever felt more free
Tell your friends that you're so happy
I hope she comes along and wrecks every one of your plans
I hope you spend your last dime to put a rock on her hand
I hope she's wilder than your wildest dreams",Country
Save Me,Jelly Roll ft. Lainey Wilson,"Somebody save me, me from myself
I've spent so long living in Hell
They say my lifestyle is bad for my health
It's the only thing that seems to help
All of this drinkin' and smokin' is hopeless
But feel like it's all that I need
Somethin' inside of me's broken
I hold on to anything that sets me free
I'm a lost cause
Baby, don't waste your time on me
I'm so damaged beyond repair",Country
Hell of a View,Eric Church,"I was no daddy's dream
Was not your mama's prayer
But I was your first and your
Last ticket outta there
I caught your wings on fire
When I smoked my Bronco tires
Outta that town
I'm good at rollin' dice
No good at standing still
You liked the thought of chasin'
Life instead of dollar bills
We're livin' wreckless
Nothin' to catch us, baby
But the ground",Country
She’s in Love with the Boy,Trisha Yearwood,"Katie's sittin' on her old front porch
Watchin' the chickens peck the ground
There ain't a whole lot goin' on tonight
In this one horse town
Over yonder comin' up the road
In a beat up Chevy truck
Her boyfriend Tommy is laying on the horn
Splashing through the mud and the muck
",Country
We Were,Keith Urban,"We were just a couple years short of the age
By my name on a fake ID
And still 'bout a hundred away from the day
Your daddy said you could run with me
We were a couple of line steppers
Who just couldn't wait to step over the line
Never thinkin' we wouldn't last",Country
Never Say Never,Cole Swindell & Lainey Wilson,"I told my mama
I told my friends
When it comes to her
When it comes to him
Never again
Last time was the last time
That time nearly did us in
Yeah, too much drama
Girl, you're a match
You're gasoline
We just burn too fast
So here we are
Lighting up that spark",Country
Girl in a Country Song,Maddie & Tae,"Bein' the girl in a country song
How in the world did it go so wrong?
Like all we're good for is lookin' good for
You and your friends on the weekend, nothin' more
We used to get a little respect
Now we're lucky if we even get
To climb up in your truck, keep our mouth shut and ride along",Country
Tennessee Whiskey,Chris Stapleton,"Used to spend my nights out in a barroom
Liquor was the only love I'd known
But you rescued me from reachin' for the bottom
And brought me back from being too far gone
You're as smooth as Tennessee whiskey
You're as sweet as strawberry wine
You're as warm as a glass of brandy",Country
Shut Up and Dance,WALK THE MOON,"""Oh, don't you dare look back
Just keep your eyes on me""
I said, ""You're holding back""
She said, ""Shut up and dance with me""
This woman is my destiny
She said, ooh-ooh, shut up and dance with me
We were victims of the night
The chemical, physical kryptonite
Helpless to the bass and the fading light",Rock
Somebody Told Me,The Killers,"Breakin' my back just to know your name
Seventeen tracks and I've had it with this game
A breakin' my back just to know your name
But Heaven ain't close in a place like this
Anything goes but don't blink, you might miss
'Cause Heaven ain't close in a place like this",Rock
Take Me Out,Franz Ferdinand,"So if you're lonely
You know I'm here waiting for you
I'm just a cross-hair
I'm just a shot away from you
And if you leave here
You leave me broken, shattered I lie
I'm just a cross-hair
I'm just a shot, then we can die
Ah-ah-ah
I know I won't be leaving here
With you",Rock
Mr. Brightside,The Killers,"Comin' out of my cage and I've been doin' just fine
Gotta, gotta be down because I want it all
It started out with a kiss, how did it end up like this?
It was only a kiss, it was only a kiss
Now I'm falling asleep and she's calling a cab
While he's having a smoke and she's taking a drag",Rock
Seven Nation Army,The White Stripes,"I'm gonna fight 'em off
A seven nation army couldn't hold me back
They're gonna rip it off
Takin' their time right behind my back
And I'm talkin' to myself at night
Because I can't forget
Back and forth through my mind
Behind a cigarette
And the message comin' from my eyes
Says, ""Leave it alone""",Rock
Radioactive,Imagine Dragons,"I'm waking up to ash and dust
I wipe my brow and I sweat my rust
I'm breathing in the chemicals
I'm breaking in, shaping up
Then checking out on the prison bus
This is it, the apocalypse
Woah
I'm waking up, I feel it in my bones
Enough to make my system blow
Welcome to the new age, to the new age
Welcome to the new age, to the new age",Rock
It's Time,Imagine Dragons,"So this is what you meant
When you said that you were spent
And now it's time to build from the bottom of the pit
Right to the top
Don't hold back
Packing my bags and giving the academy a rain check
I don't ever wanna let you down
I don't ever wanna leave this town",Rock
Come a Little Closer,Cage the Elephant,"Time shakes, found you at the water
At first you were my father
Now I love you like a brother
Earthquakes shake the dust behind you
This world, at times will blind you
Still, I know I'll see you there
Come a little closer, then you'll see
Come on, come on, come on",Rock
Mountain Sound,Of Monsters and Men,"I heard them calling in the distance
So I packed my things and ran
Far away from all the trouble
I had caused with my two hands
Alone we traveled on with nothing but a shadow
We fled far away
Hold your horses now (we sleep until the sun goes down)",Rock
Little Talks,Of Monsters and Men,"I don't like walking around this old and empty house
So hold my hand, I'll walk with you my dear
The stairs creak as you sleep
It's keeping me awake
It's the house telling you to close your eyes
And some days I can't even dress myself
It's killing me to see you this way
'Cause though the truth may vary
This ship will carry our bodies safe to shore",Rock
Riptide,Vance Joy,"I was scared of dentists and the dark
I was scared of pretty girls and starting conversations
Oh, all my friends are turning green
You're the magician's assistant in their dream
Ah-ooh, ah
And they come unstuck
Lady, running down to the riptide
Taken away to the dark side
I wanna be your left-hand man",Rock
Pompeii,Bastille,"I was left to my own devices
Many days fell away with nothing to show
And the walls kept tumbling down in the city that we love
Grey clouds roll over the hills bringing darkness from above
But if you close your eyes
Does it almost feel like nothing changed at all?
And if you close your eyes",Rock
Ho Hey,The Lumineers,"I don't think you're right for him (Hey!)
Look at what it might have been if you (Ho!)
Took a bus to China Town (Hey!)
I'd be standin' on Canal (Ho!)
And Bowery (Hey! Ho!)
She'd be standin' next to me (Hey!)
I belong with you, you belong with me
You're my sweetheart
I belong with you, you belong with me
You're my sweetheart",Rock
Ophelia,The Lumineers,"I, I, when I was younger
I, I, should have known better
And I can't feel no remorse
And you don't feel nothing back
I, I, got a new girlfriend
She feels like he's on top
And I don't feel no remorse
And you can't see past my blinders
Oh, Ophelia
You've been on my mind girl since the flood",Rock
Ain't It Fun,Paramore,"I don't mind
Letting you down easy, but just give it time
If it don't hurt now then just wait, just wait a while
You're not the big fish in the pond no more
You are what they're feeding on
So what are you gonna do
When the world don't orbit around you?
So what are you gonna do",Rock
Still Into You,Paramore,"Can't count the years on one hand that we've been together
I need the other one to hold you
Make you feel, make you feel better
It's not a walk in the park to love each other
But when our fingers interlock
Can't deny, can't deny you're worth it
'Cause after all this time
I'm still into you",Rock
Hard Times,Paramore,"All that I want
Is to wake up fine
Tell me that I'm alright
That I ain't gonna die
All that I want
Is a hole in the ground
You can tell me when it's alright
For me to come out
gonna make you wonder why you even try
(Hard times) gonna take you down and laugh when you cry
(These lives) and I still don't know how I even survive",Rock
The Middle,Jimmy Eat World,"Hey, don't write yourself off yet
It's only in your head, you feel left out
Or looked down on
Just try your best
Try everything you can
And don't you worry what they tell themselves
When you're away
It just takes some time
Little girl, you're in the middle of the ride
Everything, everything'll be just fine
Everything, everything'll be alright, alright",Rock
Dirty Little Secret,The All-American Rejects,"Let me know that I've done wrong
When I've known this all along
I go around a time or two
Just to waste my time with you
Tell me all that you've thrown away
Find out games you don't wanna play
You are the only one
That needs to know",Rock
Gives You Hell,The All-American Rejects,"Now, where's your picket fence, love?
And where's that shiny car?
And did it ever get you far?
You never seemed so tense, love
I've never seen you fall so hard
Do you know where you are?
And truth be told, I miss you (I miss you)
And truth be told, I'm lyin'",Rock
I Write Sins Not Tragedies,Panic! At The Disco,"I chime in
""Haven't you people ever heard of closing the goddamn door?""
No, it's much better to face these kinds of things
With a sense of
Well, in fact
Well, I'll look at it this way
I mean, technically, our marriage is saved
Well, this calls for a toast
So pour the champagne",Rock
"This Ain't a Scene, It's an Arms Race",Fall Out Boy,"I'm a leading man
And the lies I weave are oh so intricate
Oh so intricate
I'm a leading man
And the lies I weave are oh so intricate
Oh so intricate, yeah
I wrote the gospel on giving up
Look pretty sinking
But the real bombshells have already sunk
Prima Donnas of the gutter",Rock
"Sugar, We're Goin Down",Fall Out Boy,"Am I more than you bargained for yet?
I've been dying to tell you
Anything you wanna hear
'Cause that's just who I am this week
Lie in the grass next to the mausoleum
I'm just a notch in your bedpost, but you're just a line in a song
(Notch in your bedpost, but you're just a line in a song)",Rock
The Anthem,Good Charlotte,"Yeah
Here we go
It's a new day
But it all feels old
It's a good life
That's what I'm told
But everything, it all just feels the same
And my high school
It felt more to me
Like a jail cell
A penitentiary
My time spent there, it only made me see",Rock
I Miss You,blink-182,"Hello, there
The angel from my nightmare
The shadow in the background of the morgue
The unsuspecting victim
Of darkness in the valley
We can live like Jack and Sally if we want
Where you can always find me
And we'll have Halloween on Christmas
And in the night, we'll wish this never ends
We'll wish this never ends",Rock
All the Small Things,blink-182,"All the small things
True care, truth brings
I'll take one lift
Your ride, best trip
Always, I know
You'll be at my show
Watching, waiting
Commiserating
Say it ain't so, I will not go
Turn the lights off, carry me home
Late night, come home
Work sucks, I know
She left me roses by the stairs
Surprises let me know she cares",Rock
My Own Worst Enemy,Lit,"Please tell me why
My car is in the front yard, and I'm
Sleepin' with my clothes on
I came in through the window last night
And you're long gone, gone
It's no surprise to me, I am my own worst enemy
'Cause every now and then, I kick the livin' shit out of me
The smoke alarm is goin' off, and there's a cigarette
Still burnin'",Rock
Are You Gonna Be My Girl,Jet,"So one, two, three
Take my hand and come with me
Because you look so fine
That I really wanna make you mine
I said, you look so fine
That I really wanna make you mine
Oh, four, five, six
Come on and get your kicks
Now you don't need that money
When you look like that, do ya, honey?",Rock
Rock,Stepz,"You hear this beat, uh, comin' like heavy metal, raow
If you got a business, bro, please, set it in stone like rock, rock
I came with a brand-new bottle
Like, man have guys all shot, don't like Uzi, but this ting rocks, rocks, ro-ro-rocks
Oi, I know you wanna hear some hi-hats, tit-tit tat to the tot",Rock
Use Somebody,Kings of Leon,"I've been roamin' around, always lookin' down at all I see
Painted faces fill the places I can't reach
You know that I could use somebody
You know that I could use somebody
Someone like you and all you know and how you speak
Countless lovers under cover of the street",Rock
Dog Days Are Over,Florence + The Machine,"The dog days are over, oh
The dog days are done
Can you hear the horses?
'Cause here they come
The dog days are over, oh
The dog days are done
Can you hear the horses?
'Cause here they come
The dog days are over, oh
The dog days are done",Rock
Shake It Out,Florence + The Machine,"Regrets collect like old friends
Here to relive your darkest moments
I can see no way, I can see no way
And all of the ghouls come out to play
And every demon wants his pound of flesh
But I like to keep some things to myself
I like to keep my issues drawn",Rock
The Sound,The 1975,"Well I know when you're around 'cause I know the sound
I know the sound, of your heart
Well I know when you're around 'cause I know the sound
I know the sound, of your heart
I can't believe I forgot your name
Oh baby won't you come again?
She said ""I've got a problem with your shoes and your tunes",Rock
Chocolate,The 1975,"Hey now, call it a split because I know that you will
Oh-oh, you bite your friend like chocolate
You said we go where nobody know
With guns hidden under our petticoat
No, we're never gonna quit it, no, we're never gonna quit it, no
Now we run, run away from the boys in the blue",Rock
Sweater Weather,The Neighbourhood,"Both your hands in the holes of my sweater
And if I may just take your breath away
I don't mind if there's not much to say
Sometimes the silence guides a mind
To move to a place so far away
The goosebumps start to raise
The minute that my left hand meets your waist",Rock
Fluorescent Adolescent,Arctic Monkeys,"You used to get it in your fishnets
Now you only get it in your night dress
Discarded all the naughty nights for niceness
Landed in a very common crisis
Everything's in order in a black hole
Nothing seems as pretty as the past though
That Bloody Mary's lacking in Tabasco
Remember when you used to be a rascal?",Rock
Do I Wanna Know?,Arctic Monkeys,"Have you got colour in your cheeks?
Do you ever get that fear that you can't shift the type
That sticks around like summat in your teeth?
Are there some aces up your sleeve?
Have you no idea that you're in deep?
I've dreamt about you nearly every night this week
How many secrets can you keep?",Rock
505,Arctic Monkeys,"I'm going back to 505
If it's a seven hour flight or a forty-five minute drive
In my imagination, you're waitin' lyin' on your side
With your hands between your thighs
Stop and wait a sec
When you look at me like that, my darlin', what did you expect?
I'd probably still adore you with your hands around my neck",Rock
No One Knows,Queens of the Stone Age,"We get some rules to follow
That and this, these and those
No one knows
We get these pills to swallow
How they stick in your throat?
Tastes like gold
Oh, what you do to me
No one knows
And I realize you're mine
Indeed a fool am I
And I realize you're mine
Indeed a fool am I",Rock
Everlong,Foo Fighters,"Come down, and waste away with me
Down with me
Slow, how you wanted it to be
I'm over my head, out of her head, she sang
And I wonder
When I sing along with you
If everything could ever feel this real forever
If anything could ever be this good again",Rock
Location,Khalid,"At times I wonder why I fool with you
But this is new to me, this is new to you
Initially, I didn't wanna fall for you
Gather my attention it was all for you, so don't
Take advantage, don't leave my heart damaged
I understand that things go a little bit better when ",R&B
Talk,Khalid,"Yeah, started off right
I can see it in your eyes
I can tell that you're wantin' more
What's been on your mind?
There's no reason we should hide
Tell me somethin' I ain't heard before
Oh, I've been dreamin' 'bout it
And it's you I'm on
So stop thinkin' 'bout i",R&B
Electric,Alina Baraz ft. Khalid,"Covered in your water and I'm feeling like a summer breeze
Submitted under power and you brought me to my knees
Use me, you're electric, babe
Move me, take me all the way
Whisper in my ear, I'm the only one you're loving on
Take advantage of the moment, you're the only one that I want",R&B
Boo’d Up,Ella Mai,"Feelings, so deep in my feelings
No, this ain't really like me
Can't control my anxiety
Feeling, like I'm touching the ceiling
When I'm with you, I can't breathe
Boy, you do something to me
Ooh, no, I'll never get over you until I find something new
That get me high like you do",R&B
Trip,Ella Mai,"I put my feelings on safety
So I don't go shootin' where your heart be
'Cause you take the bullet tryna save me
Then I'm left to deal with makin' you bleed
And that's a whole lotta love, ain't tryna waste it
Like we be runnin' a mile to never make it",R&B
Nights,Frank Ocean,"Round your city, 'round the clock
Everybody needs you
No, you can't make everybody equal
Although you got beaucoup family
You don't even got nobody bein' honest with you
Breathe 'til I evaporated
My whole body see-through
Transportation, handmade (G)
And I know it better than most people
I don't trust 'em anyways",R&B
Get You,Daniel Caesar ft. Kali Uchis,"Through drought and famine, natural disasters
My baby has been around for me
Kingdoms have fallen, angels be callin'
None of that could ever make me leave, yeah
Every time I look into your eyes, I see it
You're all I need
Every time I get a bit inside, I feel it",R&B
Best Part,Daniel Caesar ft. H.E.R.,"You're the coffee that I need in the morning
You're my sunshine in the rain when it's pouring
Won't you give yourself to me
Give it all, oh
I just wanna see
I just wanna see how beautiful you are
You know that I see it
I know you're a star
Where you go I follow
No matter how far",R&B
Focus,H.E.R.,"Hands in the soap
Have the faucet's running
And I keep looking at you
Stuck on your phone
And you're stuck in your zone
You don't have a clue
But I don't wanna give up
Baby, I just want you to get up
Lately I've been a little fed up
Wish you would just focus on
Me",R&B
Damage,H.E.R.,"If you got it, it ain't a question
Ooh, it ain't no room for guessing
No more than emotionally invested (no, no)
Showing you all my imperfections, oh
If I let you, you'll take me for granted, yeah
If I'm worth more than you could manage, manage, yeah
Open with me, oh, we could be honest",R&B
Leave the Door Open,Silk Sonic,"What you doing? (What you doing?)
Where you at? (Where you at?)
Oh, you got plans? (You got plans?)
Don't say that 
I'm sipping wine (sip, sip) in a robe (drip, drip)
I look too good (look too good) to be alone (woo-woo)
My house clean (house clean)
My pool warm (pool warm)",R&B
Smokin Out The Window,Silk Sonic,"Diamonds on her neck, diamonds on her wrists
And here I am all alone (All alone)
I'm so cold, I'm so cold
You got me out here
Smokin' out the window (Smokin' out the window)
Singin', ""How could she do this to me?""
Oh, I thought that girl belonged to only me (Mmm)
But I was wrong",R&B
Say So,PJ Morton ft. JoJo,"It's getting hard for me to hold my own
See, nobody wants to be in love alone
So I'm trying my best not to overreact
But I need to know right now, no lies, just facts
So if you love me, just say so
'Cause I can't play these games with you no more
So if you love me, just say so",R&B
The Way,Ariana Grande ft. Mac Miller,"On a scale of one to ten, I'm at a hundred
Never get enough, I can't stay away
If you want what I got, I got it every day
You can get whatever you need from me
Stay by your side, I'll never leave ya
And I ain't goin' nowhere 'cause you're a keeper",R&B
Good Days,SZA,"
I try to keep from losin' the rest of me
I worry that I wasted the best of me on you, babe
You don't care
Said, ""Not tryna be a nuisance, this is urgent""
Tryna make sense of loose change
Got me a war in my mind
Gotta let go of weight, can't keep what's holdin' me
Choose to watch while the world break up in front of me",R&B
Snooze,SZA,"I can't lose when I'm with you
How can I snooze and miss the moment?
You just too important
Nobody do body like you do
I can't lose when I'm with you
I can't just snooze and miss the moment
You just too important
Nobody do body like you do, you do",R&B
Kill Bill,SZA,"I'm still a fan even though I was salty
Hate to see you with some other broad, know you happy
Hate to see you happy if I'm not the one drivin'
I'm so mature, I'm so mature
I'm so mature, I got me a therapist to tell me there's other men
I don't want none, I just want you
If I can't have you, no one should",R&B
Saturn,SZA,"If there's another universe
Please make some noise (Noise)
Give me a sign (Sign)
This can't be life
If there's a point to losing love
Repeating pain (Why?)
It's all the same (Same)
I hate this place
Stuck in this paradigm
Don't believe in paradise
This must be what Hell is like
There's got to be more, got to be more",R&B
Self Control,Frank Ocean,"Keep a place for me, for me
I'll sleep between y'all, it's nothing
It's nothing, it's nothing
Keep a place for me, for me
Now and then, you miss it, sounds make you cry
Some nights, you dance with tears in your eyes
I came to visit, 'cause you see me like a UFO",R&B
Come Through,H.E.R. ft. Chris Brown,"If I could, I would take the pain away
I don't see that smile I made
You already made plans that ain't with me
Tryin' hard, I been tryin' hard to breathe
Inhale, exhale, you expel what you been doin' to me
Fightin' it off, you been fightin' me off for weeks
Don't leave, 'cause I need ya",R&B
I Like That,Janelle Monáe,"Sometimes a mystery, sometimes I'm free
Depending on my mood or my attitude
Sometimes I wanna roll or stay at home
Walking contradiction, guess I'm factual and fiction
A little crazy, little sexy, little cool
Little rough around the edges, but I keep it smooth
I'm always left of center and that's right where I belong
I'm the random minor note you hear in major songs",R&B
Summer Rain,Leon Bridges,"You're speaking a language no one speaks
In a room that don't exist
I'm just gonna shut up
And bear witness
You are everything
Wanna feel you all around
Baby, let your summer rain
Keep coming down
Don't stop now
Don't stop now, now, now
Forty days and forty nights
Wrapped in covers drenched in white
And it's getting warmer like a sauna",R&B
River,Leon Bridges,"Been travelling these wide roads
For so long
My heart's been far from you
Ten thousand miles gone
Oh, I wanna come near and give
Every part of me
But there's blood on my hands
And my lips are unclean
In my darkness I remember
Momma's words reoccur to me
""Surrender to the good Lord
And he'll wipe your slate clean""",R&B
Let Me Love You,Mario,"Baby, I just don't get it, do you enjoy bein' hurt?
I know you smelled the perfume, the makeup on his shirt
You don't believe his stories, you know that they're all lies
Bad as you are, you stick around and I just don't know why
If I was your man, baby, you'd never worry 'bout what I do",R&B
So Sick,Ne-Yo,"Gotta change my answering machine
Now that I'm alone
'Cause right now it says that we
Can't come to the phone
And I know it makes no sense
'Cause you walked out the door
But it's the only way I hear your voice anymore
(It's ridiculous)
It's been months
And for some reason I just (Can't get over us)
And I'm stronger than this, yeah (Enough is enough)",R&B
Miss Independent,Ne-Yo,"Cause she walk like a boss, talk like a boss
Manicured nails to set the pedicure off
She's fly effortlessly
And she move like a boss, do what a boss do
She got me thinking about getting involved
That's the kinda girl I need, oh
She got her own thing
That's why I love her
Miss independent",R&B
Take You There,H.E.R.,"Can I tell you something, for what it's worth?
With you, Heaven is a place on Earth
And I will take you there, I'll take you
Show you something, give you more than words
With you, Heaven is a place on Earth
And I will take you there, I'll take you there
Take you there",R&B
Say It,Tory Lanez,"You gon' have to do more than just (Say it)
You gon' have to do less when you (Do it)
So mama you know I (Show it)
Always want you to (Prove it)
You gon' have to do more than just (Say it)
You gon' have to do less when you (Do it)
So mama you know I (Show it)
So you gon' need to more than just (Prove it)",R&B
Heartbreak Anniversary,Giveon,"Balloons are deflated
Guess they look lifeless like me
We miss you on your side of the bed, mmm
Still got your things here
And they stare at me like souvenirs
Don't wanna let you out my head
Just like the day that I met you, the day I thought forever
Said that you love me, but that'll last for never",R&B
Like I Want You,Giveon,"I guess it's overdue
Tell me your point of view
Tell me, am I to blame?
You're so good with change, hm-hm-mm
A table set for two
You got me waitin' but you ain't comin' through
Try to stay patient but gotta face the truth, mm-mm-mm
Oh, woah-woah
See you face to face (See you face to face), I'm thinking 'bout the days we used to be ",R&B
All to Me,Giveon,"If this what you want, baby, okay
He give you his all but you have no patience (Patience, patience)
You made the call so I ain't complainin'
Back on your way
Wait, oh, oh-oh, you can't do it anymore
I understand just where he went wrong
So I got your hands where they don't belong (Where they don't belong)",R&B
Remember,Mac Miller,"It's a dark science when your friends start dyin'
Like, ""How could he go? He was part-lion""
Life goes on, the tears all dried and
Couple years are gone by by then, uh
Can you please help me find my friend?
I give you anything you need multiplied by ten
I heard he moved to a place where the time don't end",R&B
U Got It Bad,Usher,"When you say that you love 'em and you really know
Everything that used to matter don't matter no more
Like my money, all my cars (You can have it all and)
Flowers, cards and candy (I do it just 'cause I'm)
Said I'm fortunate to have you, girl
",R&B
There Goes My Baby,Usher,"And girl, I feel like it's our first time every time we get together
Baby, loving you feels better than
Everything (Everything), anything (Anything)
Put on my heart (Put on my heart), you don't need a ring
And I promise
Our time away won't change my love 
There goes my baby (There she go, oh, whoa)",R&B
Superstar,Usher,"Spotlights (Spotlights), big stage
Fifty thousand fans screamin' in a rage
Bodyguards (Bodyguards) and limousines
This is the way I see you in my dreams
Paparazzi flash, a hundred pictures, all of you
Hangin' on my bedroom wall
I'm a kid again, I feel like thirteen
But I knew since we fell in love, girl, I'd be",R&B
Angel of Mine,Monica,"When I first saw you, I already knew
There was something inside of you
Something I thought that I would never find
Angel of mine
I look at you looking at me
Now I know why they say the best things are free
I'm gonna love you, boy, you are so fine
Angel of mine",R&B
The Boy Is Mine,Brandy & Monica,"I think it's time we got this straight
Let's sit and talk face to face
There is no way you could mistake
Him for your man, are you insane?
You see, I know that you may be
Just a bit jealous of me
But you're blind if you can't see
That his love is all in me
You see, I tried to hesitate
I didn't wanna say what he told me",R&B
No One,Alicia Keys,"I just want you close
Where you can stay forever
You can be sure
That it will only get better
You and me together
Through the days and nights
I don't worry 'cause
Everything's gonna be alright
People keep talking, they can say what they like
But all I know is everything's gonna be alright",R&B
If I Ain't Got You,Alicia Keys,"Some people live for the fortune
Some people live just for the fame
Some people live for the power, yeah
Some people live just to play the game
Some people think that the physical things
Define what's within
And I've been there before, but that life's a bore
So full of the superficial",R&B
Ordinary People,John Legend,"Girl, I'm in love with you
But this ain't the honeymoon
We're passed the infatuation phase
We're right in the thick of love
At times we get sick of love
It seems like we argue every day
I know I misbehaved
And you've made your mistakes
And we both still got room left to grow",R&B
